{
	"$schema": "https://schemas.wp.org/trunk/theme.json",
	"version": 3,
	"settings": {
		"appearanceTools": true,
		"color": {
			"defaultDuotone": false,
			"defaultPalette": false,
			"defaultGradients": false,
			"palette": [
				{
					"color": "#E7CCDF",
					"name": "Primary",
					"slug": "primary"
				},
       	{
					"color": "#D4ABC8",
					"name": "Secondary",
					"slug": "secondary"
				},
				{
				  "color": "#332E33",
				  "name": "Tertiary",
				  "slug": "tertiary"
				},
				{
				  "color": "#D9A384",
				  "name": "Quaternary",
				  "slug": "quaternary"
				},
        {
          "color": "#F9FCEE",
          "name": "Quinary",
          "slug": "quinary"
        },
				{
				  "color": "#000000",
				  "name": "Black",
				  "slug": "black"
				},
				{
				  "color": "#ffffff",
				  "name": "White",
				  "slug": "white"
				}
			],
			"gradients": [
				{
				  "gradient": "linear-gradient(180deg, #F1DAEA, #F5F5F5, #F5F5F5, #EFCAE4)",
				  "name": "Vertical lily to white to lily",
				  "slug": "lily-to-white-to-lily"
				}
			]
		},
		"layout": {
			"contentSize": "1280px",
			"wideSize": "1360px"
		},
		"spacing": {
			"spacingScale": {
				"steps": 0
			},
			"spacingSizes": [
				{
					"name": "8px",
					"size": "8px",
					"slug": "10"
				},
				{
					"name": "16px",
					"size": "16px",
					"slug": "30"
				},
				{
					"name": "24px",
					"size": "24px",
					"slug": "40"
				},
				{
					"name": "32px",
					"size": "32px",
					"slug": "50"
				},
				{
					"name": "40px",
					"size": "40px",
					"slug": "60"
				},
				{
					"name": "56px",
					"size": "56px",
					"slug": "70"
				},
				{
					"name": "64px",
					"size": "64px",
					"slug": "80"
				}
			],
			"units": ["%", "px", "em", "rem", "vh", "vw"],
      "blockGap": true
		},
		"typography": {
			"fluid": true,
      "fontFamilies": [
				{
					"fontFace": [
						{
							"fontFamily": "DM Sans",
							"fontStretch": "normal",
							"fontStyle": "normal",
							"fontWeight": "400 500 700",
							"src": [
								"file:./assets/fonts/dm-sans/DMSans-VariableFont_opsz,wght.ttf"
							]
						},
            {
							"fontFamily": "DM Sans",
							"fontStretch": "normal",
							"fontStyle": "italic",
							"fontWeight": "400 500 700",
							"src": [
								"file:./assets/fonts/dm-sans/DMSans-Italic-VariableFont_opsz,wght.ttf"
							]
						}
					],
					"fontFamily": "\"DM Sans\", sans-serif",
					"name": "DM Sans",
					"slug": "body"
				},
        {
					"fontFace": [
						{
							"fontFamily": "EB Garamond",
							"fontStretch": "normal",
							"fontStyle": "normal",
							"fontWeight": "500",
							"src": [
								"file:./assets/fonts/eb-garamond/EBGaramond-VariableFont_wght.ttf"
							]
						},
            {
							"fontFamily": "EB Garamond",
							"fontStretch": "normal",
							"fontStyle": "italic",
							"fontWeight": "500",
							"src": [
								"file:./assets/fonts/eb-garamond/EBGaramond-Italic-VariableFont_wght.ttf"
							]
						}
					],
					"fontFamily": "\"EB Garamond\", serif",
					"name": "EB Garamond",
					"slug": "eb-garamond"
				},
        {
					"fontFace": [
						{
							"fontFamily": "Open Sans",
							"fontStretch": "normal",
							"fontStyle": "normal",
							"fontWeight": "400",
							"src": [
								"file:./assets/fonts/open-sans/OpenSans-VariableFont_wdth,wght.ttf"
							]
						},
            {
							"fontFamily": "Open Sans",
							"fontStretch": "normal",
							"fontStyle": "italic",
							"fontWeight": "400",
							"src": [
								"file:./assets/fonts/open-sans/OpenSans-Italic-VariableFont_wdth,wght.ttf"
							]
						}
					],
					"fontFamily": "\"Open Sans\", sans-serif",
					"name": "Open Sans",
					"slug": "heading"
				}
			],
      "defaultFontSizes": false,
      "customFontSize": true,
			"fontSizes": [
				{
          "fluid": {
						"min": "0.875rem",
						"max": "1rem"
					},
					"name": "Small",
					"size": "1rem",
					"slug": "small"
				},
				{
					"fluid": {
						"min": "1rem",
						"max": "1.125rem"
					},
					"name": "Body",
					"size": "1.125rem",
					"slug": "medium"
				},
				{
					"fluid": {
						"min": "1.125rem",
						"max": "1.25rem"
					},
					"name": "Lead",
					"size": "1.25rem",
					"slug": "large"
				},
				{
          "fluid": {
						"min": "1.25rem",
						"max": "1.5rem"
					},
					"name": "H3",
					"size": "1.5rem",
					"slug": "heading-three"
				},
        {
          "fluid": {
						"min": "3rem",
						"max": "3.75rem"
					},
					"name": "H2",
					"size": "3.75rem",
					"slug": "heading-two"
				}
			],
			"writingMode": false
		},
		"useRootPaddingAwareAlignments": true
	},
	"styles": {
    "color": {
			"background": "var(--wp--preset--color--white)",
			"text": "var(--wp--preset--color--black)"
		},
    "blocks": {
			"core/button": {
				"variations": {
					"outline": {
            "color": {
              "background": "rgba(255, 255, 255, 0)",
              "text": "var(--wp--preset--color--primary)"
            },
						"border": {
							"color": "var( --wp--preset--color--primary)",
							"style": "solid",
							"width": "2px"
						},
						"spacing": {
							"padding": {
                "top": "1rem",
                "left": "1.6rem",
                "right": "1.6rem",
                "bottom": "1rem"
							}
						}
					}
				}
			}
		},
		"elements": {
			"button": {
				":active": {
					"color": {
						"background": "hsl( from var(--wp--preset--color--primary) h s 90%);",
						"text": "var(--wp--preset--color--black)"
					},
          "border": {
						"color": "hsl( from var(--wp--preset--color--primary) h s 90%);",
            "width": "2px",
            "style": "solid"
					}
				},
				":focus": {
					"color": {
            "background": "hsl( from var(--wp--preset--color--primary) h s 90%);",
						"text": "var(--wp--preset--color--black)"
					},
					"border": {
						"color": "transparent",
            "width": "2px",
            "style": "solid"
					}
				},
				":hover": {
					"color": {
						"background": "transparent",
						"text": "var(--wp--preset--color--primary)"
					},
          "border": {
						"color": "var(--wp--preset--color--primary)",
            "width": "2px",
            "style": "solid"
					}
				},
				"border": {
					"color": "var(--wp--preset--color--primary)",
          "width": "2px",
          "style": "solid",
          "radius": "3.125rem"
				},
				"color": {
					"background": "var(--wp--preset--color--primary)",
					"text": "var(--wp--preset--color--black)"
				},
				"spacing": {
					"padding": {
            "top": "0.5rem",
						"left": "1.25rem",
						"right": "1.25rem",
						"bottom": "0.5rem"
					}
				},
				"typography": {
					"fontSize": "var(--wp--preset--font-size--medium)",
					"fontStyle": "normal",
					"fontWeight": "400",
          "lineHeight": "1.5"
				}
			},
			"caption": {
				"color": {
					"text": "var(--wp--preset--color--contrast-2)"
				},
				"typography": {
					"fontFamily": "var(--wp--preset--font-family--body)",
					"fontSize": "var(--wp--preset--font-size--small)"
				}
			},
			"h1": {
        "typography": {
          "fontFamily": "var(--wp--preset--font-family--heading)",
          "fontSize": "120px",
          "lineHeight": "1.1",
          "fontWeight": "normal"
        }
      },
      "h2": {
        "typography": {
          "fontFamily": "var(--wp--preset--font-family--body)",
          "fontSize": "var(--wp--preset--font-size--heading-two)",
          "lineHeight": "1.2",
          "fontWeight": "normal"
        }
      },
      "h3": {
        "typography": {
          "fontFamily": "var(--wp--preset--font-family--body)",
          "fontSize": "var(--wp--preset--font-size--heading-three)",
          "lineHeight": "1.3",
          "fontWeight": "700",
          "textTransform": "uppercase"
        }
      },
      "h4": {
        "typography": {
          "fontFamily": "var(--wp--preset--font-family--body)",
          "fontSize": "var(--wp--preset--font-size--medium)",
          "lineHeight": "1.5",
          "fontWeight": "normal"
        }
      },
      "h5": {
        "typography": {
          "fontFamily": "var(--wp--preset--font-family--body)",
          "fontSize": "var(--wp--preset--font-size--small)",
          "lineHeight": "1.5",
          "fontWeight": "500",
          "textTransform": "uppercase"
        }
      },
			"heading": {
				"color": {
					"text": "var(--wp--preset--color--black)"
				},
				"typography": {
					"fontFamily": "var(--wp--preset--font-family--heading)",
					"fontWeight": "400",
					"lineHeight": "1.1"
				}
			},
			"link": {
        "typography": {
          "textDecoration": "underline"
        },
				":hover": {
					"typography": {
						"textDecoration": "none"
					}
				},
				"color": {
					"text": "var(--wp--preset--color--black)"
				}
			}
		},
		"spacing": {
			"blockGap": "1.2rem",
			"padding": {
				"left": "var(--wp--preset--spacing--50)",
				"right": "var(--wp--preset--spacing--50)"
			}
		},
		"typography": {
			"fontFamily": "var(--wp--preset--font-family--body)",
			"fontSize": "var(--wp--preset--font-size--medium)",
			"fontStyle": "normal",
			"fontWeight": "400",
			"lineHeight": "1.5"
		},
		"css": ":where(.wp-site-blocks *:focus){outline-width:2px;outline-style:solid}"
	},
	"templateParts": [
		{
			"area": "header",
			"name": "header",
			"title": "Header"
		},
		{
			"area": "footer",
			"name": "footer",
			"title": "Footer"
		},
		{
			"area": "uncategorized",
			"name": "design-system",
			"title": "Design System"
		}
	],
	"customTemplates": [
    {
			"name": "style-book",
			"postTypes": ["page"],
			"title": "Style book"
		}
	]
}
